stage,cca_corr1_mean,cca_corr1_std,cca_corr1_count,cca_corr2_mean,cca_corr2_std,cca_corr2_count
N1,0.6519766221658602,0.1330424063294308,29,0.43459662828639645,0.13952952855157613,29
N2,0.7692004312336258,0.10498001176629285,29,0.5311337467605103,0.11263984951901064,29
N3,0.8632391154200525,0.059279396248167464,20,0.6316040240937939,0.09770158166887616,20
R,0.6517273029249236,0.1301813375570899,29,0.3992203161933043,0.12908057603237047,29
W,0.5538555597422142,0.138125031315634,29,0.3634246347331498,0.154442337867236,29
